2749.52042867621;2749.52042867621;90.0
2479.8080084970084;2671.3917925315773;81.0
2479.808008497008;2479.808008497008;72.9
2394.9817202687805;2394.9817202687805;65.61000000000001
2394.9817202687805;2394.9817202687805;59.049000000000014
2282.286457806141;2391.0249571693353;53.144100000000016
2252.427564528803;2317.9773442876462;47.829690000000014
2285.1395822561662;2285.1395822561662;43.04672100000001
2304.9527660454464;2304.9527660454464;38.742048900000015
2149.299649886662;2285.1395822561662;34.86784401000001
2149.299649886662;2238.7707945504794;31.381059609000012
2012.8439745177768;2125.3487595624665;28.242953648100013
2008.7844473538476;2008.7844473538476;25.41865828329001
2012.8439745177768;2012.8439745177768;22.87679245496101
1969.601365425424;2008.7844473538476;20.58911320946491
1969.601365425424;2059.072510089242;18.53020188851842
1959.2484326619158;1981.9835392020711;16.67718169966658
1969.601365425424;2023.0160951725593;15.009463529699921
1936.3597234488893;1981.9835392020711;13.50851717672993
1886.3514506041136;1921.9779855061747;12.157665459056936
1935.608821704574;1975.8225952679309;10.941898913151244
1899.2642562175827;1933.157973434661;9.847709021836119
1915.0199895560688;1988.7354008814004;8.862938119652506
1899.2642562175827;1899.2642562175827;7.9766443076872555
1915.0199895560688;1988.7354008814004;7.17897987691853
1899.2642562175827;1899.2642562175827;6.461081889226677
1899.2642562175827;1988.7354008814004;5.81497370030401
1899.2642562175827;1988.7354008814004;5.233476330273609
1899.2642562175827;1988.7354008814004;4.710128697246248
1899.2642562175827;1988.7354008814004;4.239115827521624
1899.2642562175827;1988.7354008814004;3.815204244769461
1899.2642562175827;1988.7354008814004;3.433683820292515
1899.2642562175827;1988.7354008814004;3.090315438263264
1899.2642562175827;1988.7354008814004;2.7812838944369376
1899.2642562175827;1988.7354008814004;2.5031555049932437
1899.2642562175827;1988.7354008814004;2.2528399544939193
1899.2642562175827;1988.7354008814004;2.0275559590445273
1899.2642562175827;1988.7354008814004;1.8248003631400747
1899.2642562175827;1988.7354008814004;1.6423203268260673
1899.2642562175827;1988.7354008814004;1.4780882941434605
1899.2642562175827;1988.7354008814004;1.3302794647291145
1899.2642562175827;1988.7354008814004;1.1972515182562031
1899.2642562175827;1988.7354008814004;1.0775263664305827
1899.2642562175827;1988.7354008814004;0.9697737297875245
1899.2642562175827;1988.7354008814004;0.8727963568087721
1899.2642562175827;1988.7354008814004;0.785516721127895
1899.2642562175827;1988.7354008814004;0.7069650490151055
1899.2642562175827;1988.7354008814004;0.6362685441135949
1899.2642562175827;1988.7354008814004;0.5726416897022354
1899.2642562175827;1988.7354008814004;0.5153775207320118
1899.2642562175827;1988.7354008814004;0.46383976865881066
1899.2642562175827;1988.7354008814004;0.4174557917929296
1899.2642562175827;1988.7354008814004;0.37571021261363663
1899.2642562175827;1988.7354008814004;0.338139191352273
1899.2642562175827;1988.7354008814004;0.3043252722170457
1899.2642562175827;1988.7354008814004;0.2738927449953411
1899.2642562175827;1988.7354008814004;0.246503470495807
1899.2642562175827;1988.7354008814004;0.22185312344622632
1899.2642562175827;1988.7354008814004;0.1996678111016037
1899.2642562175827;1988.7354008814004;0.17970102999144333
1899.2642562175827;1988.7354008814004;0.161730926992299
1899.2642562175827;1988.7354008814004;0.1455578342930691
1899.2642562175827;1988.7354008814004;0.13100205086376218
1899.2642562175827;1988.7354008814004;0.11790184577738597
1899.2642562175827;1988.7354008814004;0.10611166119964738
1899.2642562175827;1988.7354008814004;0.09550049507968264
1899.2642562175827;1988.7354008814004;0.08595044557171438
1899.2642562175827;1988.7354008814004;0.07735540101454295
1899.2642562175827;1988.7354008814004;0.06961986091308867
1899.2642562175827;1988.7354008814004;0.0626578748217798
1899.2642562175827;1988.7354008814004;0.05639208733960182
1899.2642562175827;1988.7354008814004;0.050752878605641635
1899.2642562175827;1988.7354008814004;0.045677590745077476
1899.2642562175827;1988.7354008814004;0.04110983167056973
1899.2642562175827;1988.7354008814004;0.03699884850351276
1899.2642562175827;1988.7354008814004;0.033298963653161484
1899.2642562175827;1988.7354008814004;0.029969067287845336
1899.2642562175827;1988.7354008814004;0.026972160559060803
1899.2642562175827;1988.7354008814004;0.024274944503154722
1899.2642562175827;1988.7354008814004;0.02184745005283925
1899.2642562175827;1988.7354008814004;0.019662705047555327
1899.2642562175827;1988.7354008814004;0.017696434542799795
1899.2642562175827;1988.7354008814004;0.015926791088519816
1899.2642562175827;1988.7354008814004;0.014334111979667835
1899.2642562175827;1988.7354008814004;0.012900700781701052
1899.2642562175827;1988.7354008814004;0.011610630703530947
1899.2642562175827;1988.7354008814004;0.010449567633177852
1899.2642562175827;1988.7354008814004;0.009404610869860067
1899.2642562175827;1988.7354008814004;0.00846414978287406
1899.2642562175827;1988.7354008814004;0.0076177348045866535
1899.2642562175827;1988.7354008814004;0.006855961324127988
1899.2642562175827;1988.7354008814004;0.0061703651917151894
1899.2642562175827;1988.7354008814004;0.005553328672543671
1899.2642562175827;1988.7354008814004;0.004997995805289304
1899.2642562175827;1988.7354008814004;0.004498196224760374
1899.2642562175827;1988.7354008814004;0.004048376602284336
1899.2642562175827;1988.7354008814004;0.003643538942055903
1899.2642562175827;1988.7354008814004;0.0032791850478503127
1899.2642562175827;1988.7354008814004;0.0029512665430652817
1899.2642562175827;1988.7354008814004;0.0026561398887587537
1899.2642562175827;1988.7354008814004;0.0023905258998828784
1899.2642562175827;1988.7354008814004;0.0021514733098945906
1899.2642562175827;1988.7354008814004;0.0019363259789051315
1899.2642562175827;1988.7354008814004;0.0017426933810146183
1899.2642562175827;1988.7354008814004;0.0015684240429131564
1899.2642562175827;1988.7354008814004;0.0014115816386218408
1899.2642562175827;1988.7354008814004;0.0012704234747596568
1899.2642562175827;1988.7354008814004;0.0011433811272836911
1899.2642562175827;1988.7354008814004;0.0010290430145553221
1899.2642562175827;1988.7354008814004;9.261387130997899E-4
1899.2642562175827;1988.7354008814004;8.335248417898109E-4
1899.2642562175827;1988.7354008814004;7.501723576108299E-4
1899.2642562175827;1988.7354008814004;6.751551218497469E-4
1899.2642562175827;1988.7354008814004;6.076396096647722E-4
1899.2642562175827;1988.7354008814004;5.46875648698295E-4
1899.2642562175827;1988.7354008814004;4.921880838284655E-4
1899.2642562175827;1988.7354008814004;4.42969275445619E-4
1899.2642562175827;1988.7354008814004;3.986723479010571E-4
1899.2642562175827;1988.7354008814004;3.588051131109514E-4
1899.2642562175827;1988.7354008814004;3.2292460179985625E-4
1899.2642562175827;1988.7354008814004;2.9063214161987065E-4
1899.2642562175827;1988.7354008814004;2.615689274578836E-4
1899.2642562175827;1988.7354008814004;2.3541203471209526E-4
1899.2642562175827;1988.7354008814004;2.1187083124088574E-4
1899.2642562175827;1988.7354008814004;1.9068374811679717E-4
1899.2642562175827;1988.7354008814004;1.7161537330511747E-4
1899.2642562175827;1988.7354008814004;1.5445383597460574E-4
1899.2642562175827;1988.7354008814004;1.3900845237714516E-4
1899.2642562175827;1988.7354008814004;1.2510760713943064E-4
1899.2642562175827;1988.7354008814004;1.1259684642548758E-4
1899.2642562175827;1988.7354008814004;1.0133716178293882E-4
1899.2642562175827;1988.7354008814004;9.120344560464494E-5
1899.2642562175827;1988.7354008814004;8.208310104418045E-5
1899.2642562175827;1988.7354008814004;7.38747909397624E-5
1899.2642562175827;1988.7354008814004;6.648731184578616E-5
1899.2642562175827;1988.7354008814004;5.9838580661207544E-5
1899.2642562175827;1988.7354008814004;5.385472259508679E-5
1899.2642562175827;1988.7354008814004;4.846925033557811E-5
1899.2642562175827;1988.7354008814004;4.36223253020203E-5
1899.2642562175827;1988.7354008814004;3.926009277181828E-5
1899.2642562175827;1988.7354008814004;3.533408349463645E-5
1899.2642562175827;1988.7354008814004;3.18006751451728E-5
1899.2642562175827;1988.7354008814004;2.8620607630655522E-5
1899.2642562175827;1988.7354008814004;2.575854686758997E-5
1899.2642562175827;1988.7354008814004;2.3182692180830972E-5
1899.2642562175827;1988.7354008814004;2.0864422962747876E-5
1899.2642562175827;1988.7354008814004;1.877798066647309E-5
1899.2642562175827;1988.7354008814004;1.690018259982578E-5
1899.2642562175827;1988.7354008814004;1.5210164339843204E-5
1899.2642562175827;1988.7354008814004;1.3689147905858883E-5
1899.2642562175827;1988.7354008814004;1.2320233115272995E-5
1899.2642562175827;1988.7354008814004;1.1088209803745696E-5
1899.2642562175827;1988.7354008814004;9.979388823371126E-6
1899.2642562175827;1988.7354008814004;8.981449941034013E-6
1899.2642562175827;1988.7354008814004;8.083304946930612E-6
1899.2642562175827;1988.7354008814004;7.274974452237551E-6
1899.2642562175827;1988.7354008814004;6.547477007013796E-6
1899.2642562175827;1988.7354008814004;5.892729306312417E-6
1899.2642562175827;1988.7354008814004;5.303456375681175E-6
1899.2642562175827;1988.7354008814004;4.773110738113058E-6
1899.2642562175827;1988.7354008814004;4.295799664301752E-6
1899.2642562175827;1988.7354008814004;3.866219697871577E-6
1899.2642562175827;1988.7354008814004;3.479597728084419E-6
1899.2642562175827;1988.7354008814004;3.1316379552759773E-6
1899.2642562175827;1988.7354008814004;2.8184741597483796E-6
1899.2642562175827;1988.7354008814004;2.5366267437735415E-6
1899.2642562175827;1988.7354008814004;2.2829640693961874E-6
1899.2642562175827;1988.7354008814004;2.0546676624565688E-6
1899.2642562175827;1988.7354008814004;1.849200896210912E-6
1899.2642562175827;1988.7354008814004;1.6642808065898207E-6
1899.2642562175827;1988.7354008814004;1.4978527259308386E-6
1899.2642562175827;1988.7354008814004;1.3480674533377549E-6
1899.2642562175827;1988.7354008814004;1.2132607080039794E-6
1899.2642562175827;1988.7354008814004;1.0919346372035815E-6
1899.2642562175827;1988.7354008814004;9.827411734832233E-7
1899.2642562175827;1988.7354008814004;8.84467056134901E-7
1899.2642562175827;1988.7354008814004;7.960203505214109E-7
1899.2642562175827;1988.7354008814004;7.164183154692699E-7
1899.2642562175827;1988.7354008814004;6.447764839223429E-7
1899.2642562175827;1988.7354008814004;5.802988355301087E-7
1899.2642562175827;1988.7354008814004;5.222689519770978E-7
1899.2642562175827;1988.7354008814004;4.7004205677938804E-7
1899.2642562175827;1988.7354008814004;4.2303785110144924E-7
1899.2642562175827;1988.7354008814004;3.8073406599130433E-7
1899.2642562175827;1988.7354008814004;3.426606593921739E-7
1899.2642562175827;1988.7354008814004;3.0839459345295654E-7
1899.2642562175827;1988.7354008814004;2.775551341076609E-7
1899.2642562175827;1988.7354008814004;2.497996206968948E-7
1899.2642562175827;1988.7354008814004;2.2481965862720532E-7
1899.2642562175827;1988.7354008814004;2.0233769276448479E-7
1899.2642562175827;1988.7354008814004;1.821039234880363E-7
1899.2642562175827;1988.7354008814004;1.6389353113923267E-7
1899.2642562175827;1988.7354008814004;1.475041780253094E-7
1899.2642562175827;1988.7354008814004;1.3275376022277845E-7
1899.2642562175827;1988.7354008814004;1.194783842005006E-7
1899.2642562175827;1988.7354008814004;1.0753054578045055E-7
1899.2642562175827;1988.7354008814004;9.67774912024055E-8
1899.2642562175827;1988.7354008814004;8.709974208216494E-8
1899.2642562175827;1988.7354008814004;7.838976787394846E-8
1899.2642562175827;1988.7354008814004;7.055079108655362E-8
1899.2642562175827;1988.7354008814004;6.349571197789825E-8
1899.2642562175827;1988.7354008814004;5.714614078010843E-8
1899.2642562175827;1988.7354008814004;5.143152670209759E-8
1899.2642562175827;1988.7354008814004;4.628837403188783E-8
1899.2642562175827;1988.7354008814004;4.165953662869905E-8
1899.2642562175827;1988.7354008814004;3.749358296582914E-8
1899.2642562175827;1988.7354008814004;3.374422466924623E-8
1899.2642562175827;1988.7354008814004;3.036980220232161E-8
1899.2642562175827;1988.7354008814004;2.7332821982089452E-8
1899.2642562175827;1988.7354008814004;2.4599539783880507E-8
1899.2642562175827;1988.7354008814004;2.2139585805492458E-8
1899.2642562175827;1988.7354008814004;1.9925627224943214E-8
1899.2642562175827;1988.7354008814004;1.7933064502448893E-8
1899.2642562175827;1988.7354008814004;1.6139758052204004E-8
1899.2642562175827;1988.7354008814004;1.4525782246983603E-8
1899.2642562175827;1988.7354008814004;1.3073204022285243E-8
1899.2642562175827;1988.7354008814004;1.1765883620056718E-8
1899.2642562175827;1988.7354008814004;1.0589295258051047E-8
1899.2642562175827;1988.7354008814004;9.530365732245943E-9
1899.2642562175827;1988.7354008814004;8.577329159021349E-9
1899.2642562175827;1988.7354008814004;7.719596243119214E-9
1899.2642562175827;1988.7354008814004;6.9476366188072925E-9
1899.2642562175827;1988.7354008814004;6.252872956926563E-9
1899.2642562175827;1988.7354008814004;5.627585661233907E-9
1899.2642562175827;1988.7354008814004;5.064827095110517E-9
1899.2642562175827;1988.7354008814004;4.5583443855994654E-9
1899.2642562175827;1988.7354008814004;4.102509947039519E-9
1899.2642562175827;1988.7354008814004;3.6922589523355667E-9
1899.2642562175827;1988.7354008814004;3.32303305710201E-9
1899.2642562175827;1988.7354008814004;2.990729751391809E-9
1899.2642562175827;1988.7354008814004;2.691656776252628E-9
1899.2642562175827;1988.7354008814004;2.4224910986273652E-9
1899.2642562175827;1988.7354008814004;2.180241988764629E-9
1899.2642562175827;1988.7354008814004;1.962217789888166E-9
1899.2642562175827;1988.7354008814004;1.7659960108993495E-9
1899.2642562175827;1988.7354008814004;1.5893964098094145E-9
1899.2642562175827;1988.7354008814004;1.4304567688284731E-9
1899.2642562175827;1988.7354008814004;1.2874110919456259E-9
1899.2642562175827;1988.7354008814004;1.1586699827510633E-9
1899.2642562175827;1988.7354008814004;1.042802984475957E-9
1899.2642562175827;1988.7354008814004;9.385226860283613E-10
1899.2642562175827;1988.7354008814004;8.446704174255252E-10
1899.2642562175827;1988.7354008814004;7.602033756829727E-10
1899.2642562175827;1988.7354008814004;6.841830381146755E-10
1899.2642562175827;1988.7354008814004;6.157647343032079E-10
1899.2642562175827;1988.7354008814004;5.541882608728871E-10
1899.2642562175827;1988.7354008814004;4.987694347855984E-10
1899.2642562175827;1988.7354008814004;4.4889249130703855E-10
1899.2642562175827;1988.7354008814004;4.040032421763347E-10
1899.2642562175827;1988.7354008814004;3.636029179587012E-10
1899.2642562175827;1988.7354008814004;3.272426261628311E-10
1899.2642562175827;1988.7354008814004;2.9451836354654796E-10
1899.2642562175827;1988.7354008814004;2.6506652719189315E-10
1899.2642562175827;1988.7354008814004;2.3855987447270386E-10
1899.2642562175827;1988.7354008814004;2.1470388702543347E-10
1899.2642562175827;1988.7354008814004;1.9323349832289014E-10
1899.2642562175827;1988.7354008814004;1.7391014849060114E-10
1899.2642562175827;1988.7354008814004;1.5651913364154102E-10
1899.2642562175827;1988.7354008814004;1.4086722027738693E-10
1899.2642562175827;1988.7354008814004;1.2678049824964824E-10
1899.2642562175827;1988.7354008814004;1.1410244842468342E-10
1899.2642562175827;1988.7354008814004;1.0269220358221508E-10
1899.2642562175827;1988.7354008814004;9.242298322399357E-11
1899.2642562175827;1988.7354008814004;8.318068490159422E-11
1899.2642562175827;1988.7354008814004;7.48626164114348E-11
1899.2642562175827;1988.7354008814004;6.737635477029132E-11
1899.2642562175827;1988.7354008814004;6.063871929326219E-11
1899.2642562175827;1988.7354008814004;5.457484736393597E-11
1899.2642562175827;1988.7354008814004;4.911736262754238E-11
1899.2642562175827;1988.7354008814004;4.420562636478814E-11
1899.2642562175827;1988.7354008814004;3.978506372830933E-11
1899.2642562175827;1988.7354008814004;3.58065573554784E-11
1899.2642562175827;1988.7354008814004;3.222590161993056E-11
1899.2642562175827;1988.7354008814004;2.9003311457937506E-11
1899.2642562175827;1988.7354008814004;2.6102980312143755E-11
1899.2642562175827;1988.7354008814004;2.349268228092938E-11
1899.2642562175827;1988.7354008814004;2.114341405283644E-11
1899.2642562175827;1988.7354008814004;1.9029072647552796E-11
1899.2642562175827;1988.7354008814004;1.712616538279752E-11
1899.2642562175827;1988.7354008814004;1.5413548844517767E-11
1899.2642562175827;1988.7354008814004;1.3872193960065991E-11
1899.2642562175827;1988.7354008814004;1.2484974564059393E-11
1899.2642562175827;1988.7354008814004;1.1236477107653453E-11
1899.2642562175827;1988.7354008814004;1.0112829396888109E-11
1899.2642562175827;1988.7354008814004;9.101546457199297E-12
1899.2642562175827;1988.7354008814004;8.191391811479369E-12
1899.2642562175827;1988.7354008814004;7.372252630331433E-12
1899.2642562175827;1988.7354008814004;6.63502736729829E-12
1899.2642562175827;1988.7354008814004;5.9715246305684606E-12
1899.2642562175827;1988.7354008814004;5.374372167511615E-12
1899.2642562175827;1988.7354008814004;4.836934950760454E-12
1899.2642562175827;1988.7354008814004;4.353241455684409E-12
1899.2642562175827;1988.7354008814004;3.917917310115968E-12
1899.2642562175827;1988.7354008814004;3.5261255791043716E-12
1899.2642562175827;1988.7354008814004;3.1735130211939344E-12
1899.2642562175827;1988.7354008814004;2.856161719074541E-12
1899.2642562175827;1988.7354008814004;2.570545547167087E-12
1899.2642562175827;1988.7354008814004;2.3134909924503785E-12
1899.2642562175827;1988.7354008814004;2.0821418932053407E-12
1899.2642562175827;1988.7354008814004;1.8739277038848067E-12
1899.2642562175827;1988.7354008814004;1.686534933496326E-12
1899.2642562175827;1988.7354008814004;1.5178814401466934E-12
1899.2642562175827;1988.7354008814004;1.366093296132024E-12
1899.2642562175827;1988.7354008814004;1.2294839665188217E-12
1899.2642562175827;1988.7354008814004;1.1065355698669395E-12
1899.2642562175827;1988.7354008814004;9.958820128802455E-13
1899.2642562175827;1988.7354008814004;8.96293811592221E-13
1899.2642562175827;1988.7354008814004;8.066644304329988E-13
1899.2642562175827;1988.7354008814004;7.25997987389699E-13
1899.2642562175827;1988.7354008814004;6.533981886507291E-13
1899.2642562175827;1988.7354008814004;5.880583697856562E-13
1899.2642562175827;1988.7354008814004;5.292525328070906E-13
1899.2642562175827;1988.7354008814004;4.763272795263816E-13
1899.2642562175827;1988.7354008814004;4.2869455157374344E-13
1899.2642562175827;1988.7354008814004;3.858250964163691E-13
1899.2642562175827;1988.7354008814004;3.472425867747322E-13
1899.2642562175827;1988.7354008814004;3.12518328097259E-13
1899.2642562175827;1988.7354008814004;2.8126649528753314E-13
1899.2642562175827;1988.7354008814004;2.531398457587798E-13
1899.2642562175827;1988.7354008814004;2.2782586118290186E-13
1899.2642562175827;1988.7354008814004;2.0504327506461167E-13
1899.2642562175827;1988.7354008814004;1.845389475581505E-13
1899.2642562175827;1988.7354008814004;1.6608505280233547E-13
1899.2642562175827;1988.7354008814004;1.4947654752210193E-13
1899.2642562175827;1988.7354008814004;1.3452889276989175E-13
1899.2642562175827;1988.7354008814004;1.2107600349290258E-13
1899.2642562175827;1988.7354008814004;1.0896840314361232E-13
1899.2642562175827;1988.7354008814004;9.807156282925109E-14
1899.2642562175827;1988.7354008814004;8.826440654632598E-14
1899.2642562175827;1988.7354008814004;7.943796589169339E-14
1899.2642562175827;1988.7354008814004;7.149416930252405E-14
1899.2642562175827;1988.7354008814004;6.434475237227165E-14
1899.2642562175827;1988.7354008814004;5.791027713504449E-14
1899.2642562175827;1988.7354008814004;5.211924942154004E-14
1899.2642562175827;1988.7354008814004;4.690732447938604E-14
1899.2642562175827;1988.7354008814004;4.221659203144744E-14
1899.2642562175827;1988.7354008814004;3.7994932828302694E-14
1899.2642562175827;1988.7354008814004;3.419543954547243E-14
1899.2642562175827;1988.7354008814004;3.077589559092519E-14
1899.2642562175827;1988.7354008814004;2.7698306031832668E-14
1899.2642562175827;1988.7354008814004;2.49284754286494E-14
1899.2642562175827;1988.7354008814004;2.243562788578446E-14
1899.2642562175827;1988.7354008814004;2.0192065097206013E-14
1899.2642562175827;1988.7354008814004;1.8172858587485412E-14
1899.2642562175827;1988.7354008814004;1.6355572728736872E-14
1899.2642562175827;1988.7354008814004;1.4720015455863185E-14
1899.2642562175827;1988.7354008814004;1.3248013910276866E-14
1899.2642562175827;1988.7354008814004;1.192321251924918E-14
1899.2642562175827;1988.7354008814004;1.0730891267324262E-14
1899.2642562175827;1988.7354008814004;9.657802140591836E-15
1899.2642562175827;1988.7354008814004;8.692021926532653E-15
1899.2642562175827;1988.7354008814004;7.822819733879388E-15
1899.2642562175827;1988.7354008814004;7.0405377604914495E-15
1899.2642562175827;1988.7354008814004;6.3364839844423046E-15
1899.2642562175827;1988.7354008814004;5.702835585998074E-15
1899.2642562175827;1988.7354008814004;5.132552027398267E-15
1899.2642562175827;1988.7354008814004;4.61929682465844E-15
1899.2642562175827;1988.7354008814004;4.157367142192597E-15
1899.2642562175827;1988.7354008814004;3.741630427973337E-15
1899.2642562175827;1988.7354008814004;3.367467385176004E-15
1899.2642562175827;1988.7354008814004;3.0307206466584037E-15
1899.2642562175827;1988.7354008814004;2.7276485819925636E-15
1899.2642562175827;1988.7354008814004;2.4548837237933074E-15
1899.2642562175827;1988.7354008814004;2.2093953514139768E-15
1899.2642562175827;1988.7354008814004;1.9884558162725793E-15
1899.2642562175827;1988.7354008814004;1.7896102346453213E-15
1899.2642562175827;1988.7354008814004;1.6106492111807893E-15
1899.2642562175827;1988.7354008814004;1.4495842900627103E-15
1899.2642562175827;1988.7354008814004;1.3046258610564394E-15
1899.2642562175827;1988.7354008814004;1.1741632749507955E-15
1899.2642562175827;1988.7354008814004;1.056746947455716E-15
1899.2642562175827;1988.7354008814004;9.510722527101443E-16
1899.2642562175827;1988.7354008814004;8.559650274391299E-16
1899.2642562175827;1988.7354008814004;7.703685246952169E-16
1899.2642562175827;1988.7354008814004;6.933316722256952E-16
1899.2642562175827;1988.7354008814004;6.239985050031257E-16
1899.2642562175827;1988.7354008814004;5.615986545028132E-16
1899.2642562175827;1988.7354008814004;5.054387890525318E-16
1899.2642562175827;1988.7354008814004;4.548949101472786E-16
1899.2642562175827;1988.7354008814004;4.0940541913255077E-16
1899.2642562175827;1988.7354008814004;3.684648772192957E-16
1899.2642562175827;1988.7354008814004;3.3161838949736613E-16
1899.2642562175827;1988.7354008814004;2.984565505476295E-16
1899.2642562175827;1988.7354008814004;2.6861089549286656E-16
1899.2642562175827;1988.7354008814004;2.417498059435799E-16
1899.2642562175827;1988.7354008814004;2.1757482534922194E-16
1899.2642562175827;1988.7354008814004;1.9581734281429974E-16
1899.2642562175827;1988.7354008814004;1.7623560853286977E-16
1899.2642562175827;1988.7354008814004;1.5861204767958278E-16
1899.2642562175827;1988.7354008814004;1.4275084291162451E-16
1899.2642562175827;1988.7354008814004;1.2847575862046206E-16
1899.2642562175827;1988.7354008814004;1.1562818275841584E-16
1899.2642562175827;1988.7354008814004;1.0406536448257427E-16
1899.2642562175827;1988.7354008814004;9.365882803431684E-17
1899.2642562175827;1988.7354008814004;8.429294523088516E-17
1899.2642562175827;1988.7354008814004;7.586365070779664E-17
1899.2642562175827;1988.7354008814004;6.827728563701698E-17
1899.2642562175827;1988.7354008814004;6.144955707331529E-17
1899.2642562175827;1988.7354008814004;5.5304601365983763E-17
1899.2642562175827;1988.7354008814004;4.977414122938539E-17
1899.2642562175827;1988.7354008814004;4.479672710644685E-17
1899.2642562175827;1988.7354008814004;4.031705439580217E-17
1899.2642562175827;1988.7354008814004;3.628534895622195E-17
1899.2642562175827;1988.7354008814004;3.265681406059976E-17
1899.2642562175827;1988.7354008814004;2.939113265453979E-17
1899.2642562175827;1988.7354008814004;2.6452019389085808E-17
1899.2642562175827;1988.7354008814004;2.3806817450177226E-17
1899.2642562175827;1988.7354008814004;2.1426135705159503E-17
1899.2642562175827;1988.7354008814004;1.9283522134643552E-17
1899.2642562175827;1988.7354008814004;1.7355169921179198E-17
1899.2642562175827;1988.7354008814004;1.561965292906128E-17
1899.2642562175827;1988.7354008814004;1.4057687636155153E-17
1899.2642562175827;1988.7354008814004;1.2651918872539639E-17
1899.2642562175827;1988.7354008814004;1.1386726985285675E-17
1899.2642562175827;1988.7354008814004;1.0248054286757108E-17
1899.2642562175827;1988.7354008814004;9.223248858081397E-18
1899.2642562175827;1988.7354008814004;8.300923972273258E-18
1899.2642562175827;1988.7354008814004;7.470831575045932E-18
1899.2642562175827;1988.7354008814004;6.723748417541339E-18
1899.2642562175827;1988.7354008814004;6.051373575787205E-18
1899.2642562175827;1988.7354008814004;5.446236218208485E-18
1899.2642562175827;1988.7354008814004;4.901612596387636E-18
1899.2642562175827;1988.7354008814004;4.411451336748873E-18
1899.2642562175827;1988.7354008814004;3.970306203073986E-18
1899.2642562175827;1988.7354008814004;3.573275582766587E-18
1899.2642562175827;1988.7354008814004;3.2159480244899284E-18
1899.2642562175827;1988.7354008814004;2.8943532220409355E-18
1899.2642562175827;1988.7354008814004;2.604917899836842E-18
1899.2642562175827;1988.7354008814004;2.344426109853158E-18
1899.2642562175827;1988.7354008814004;2.109983498867842E-18
1899.2642562175827;1988.7354008814004;1.8989851489810578E-18
1899.2642562175827;1988.7354008814004;1.709086634082952E-18
1899.2642562175827;1988.7354008814004;1.5381779706746569E-18
1899.2642562175827;1988.7354008814004;1.3843601736071911E-18
1899.2642562175827;1988.7354008814004;1.245924156246472E-18
1899.2642562175827;1988.7354008814004;1.1213317406218248E-18
1899.2642562175827;1988.7354008814004;1.0091985665596423E-18
1899.2642562175827;1988.7354008814004;9.082787099036781E-19
1899.2642562175827;1988.7354008814004;8.174508389133103E-19
1899.2642562175827;1988.7354008814004;7.357057550219793E-19
1899.2642562175827;1988.7354008814004;6.621351795197814E-19
1899.2642562175827;1988.7354008814004;5.959216615678032E-19
1899.2642562175827;1988.7354008814004;5.363294954110229E-19
1899.2642562175827;1988.7354008814004;4.826965458699206E-19
1899.2642562175827;1988.7354008814004;4.3442689128292855E-19
1899.2642562175827;1988.7354008814004;3.909842021546357E-19
1899.2642562175827;1988.7354008814004;3.5188578193917216E-19
1899.2642562175827;1988.7354008814004;3.1669720374525495E-19
1899.2642562175827;1988.7354008814004;2.850274833707295E-19
1899.2642562175827;1988.7354008814004;2.5652473503365656E-19
1899.2642562175827;1988.7354008814004;2.3087226153029093E-19
1899.2642562175827;1988.7354008814004;2.0778503537726185E-19
1899.2642562175827;1988.7354008814004;1.8700653183953566E-19
1899.2642562175827;1988.7354008814004;1.683058786555821E-19
1899.2642562175827;1988.7354008814004;1.514752907900239E-19
1899.2642562175827;1988.7354008814004;1.3632776171102153E-19
1899.2642562175827;1988.7354008814004;1.2269498553991938E-19
1899.2642562175827;1988.7354008814004;1.1042548698592746E-19
1899.2642562175827;1988.7354008814004;9.938293828733472E-20
1899.2642562175827;1988.7354008814004;8.944464445860124E-20
1899.2642562175827;1988.7354008814004;8.050018001274112E-20
1899.2642562175827;1988.7354008814004;7.2450162011467E-20
1899.2642562175827;1988.7354008814004;6.52051458103203E-20
1899.2642562175827;1988.7354008814004;5.868463122928828E-20
1899.2642562175827;1988.7354008814004;5.281616810635945E-20
1899.2642562175827;1988.7354008814004;4.7534551295723506E-20
1899.2642562175827;1988.7354008814004;4.2781096166151155E-20
1899.2642562175827;1988.7354008814004;3.8502986549536043E-20
1899.2642562175827;1988.7354008814004;3.465268789458244E-20
1899.2642562175827;1988.7354008814004;3.11874191051242E-20
1899.2642562175827;1988.7354008814004;2.806867719461178E-20
1899.2642562175827;1988.7354008814004;2.5261809475150602E-20
1899.2642562175827;1988.7354008814004;2.273562852763554E-20
1899.2642562175827;1988.7354008814004;2.0462065674871986E-20
1899.2642562175827;1988.7354008814004;1.8415859107384788E-20
1899.2642562175827;1988.7354008814004;1.657427319664631E-20
1899.2642562175827;1988.7354008814004;1.491684587698168E-20
1899.2642562175827;1988.7354008814004;1.3425161289283512E-20
1899.2642562175827;1988.7354008814004;1.2082645160355161E-20
1899.2642562175827;1988.7354008814004;1.0874380644319645E-20
1899.2642562175827;1988.7354008814004;9.786942579887681E-21
1899.2642562175827;1988.7354008814004;8.808248321898913E-21
1899.2642562175827;1988.7354008814004;7.927423489709021E-21
1899.2642562175827;1988.7354008814004;7.13468114073812E-21
1899.2642562175827;1988.7354008814004;6.4212130266643075E-21
1899.2642562175827;1988.7354008814004;5.779091723997877E-21
1899.2642562175827;1988.7354008814004;5.201182551598089E-21
1899.2642562175827;1988.7354008814004;4.6810642964382806E-21
1899.2642562175827;1988.7354008814004;4.212957866794453E-21
1899.2642562175827;1988.7354008814004;3.791662080115008E-21
1899.2642562175827;1988.7354008814004;3.412495872103507E-21
1899.2642562175827;1988.7354008814004;3.0712462848931564E-21
1899.2642562175827;1988.7354008814004;2.7641216564038407E-21
1899.2642562175827;1988.7354008814004;2.4877094907634565E-21
1899.2642562175827;1988.7354008814004;2.238938541687111E-21
1899.2642562175827;1988.7354008814004;2.0150446875184E-21
1899.2642562175827;1988.7354008814004;1.81354021876656E-21
1899.2642562175827;1988.7354008814004;1.632186196889904E-21
1899.2642562175827;1988.7354008814004;1.4689675772009137E-21
1899.2642562175827;1988.7354008814004;1.3220708194808223E-21
1899.2642562175827;1988.7354008814004;1.18986373753274E-21
1899.2642562175827;1988.7354008814004;1.0708773637794661E-21
1899.2642562175827;1988.7354008814004;9.637896274015196E-22
1899.2642562175827;1988.7354008814004;8.674106646613677E-22
1899.2642562175827;1988.7354008814004;7.806695981952309E-22
1899.2642562175827;1988.7354008814004;7.026026383757078E-22
1899.2642562175827;1988.7354008814004;6.32342374538137E-22
1899.2642562175827;1988.7354008814004;5.691081370843233E-22
1899.2642562175827;1988.7354008814004;5.12197323375891E-22
1899.2642562175827;1988.7354008814004;4.609775910383019E-22
1899.2642562175827;1988.7354008814004;4.148798319344717E-22
1899.2642562175827;1988.7354008814004;3.7339184874102453E-22
1899.2642562175827;1988.7354008814004;3.360526638669221E-22
1899.2642562175827;1988.7354008814004;3.024473974802299E-22
1899.2642562175827;1988.7354008814004;2.722026577322069E-22
1899.2642562175827;1988.7354008814004;2.449823919589862E-22
1899.2642562175827;1988.7354008814004;2.204841527630876E-22
1899.2642562175827;1988.7354008814004;1.9843573748677883E-22
1899.2642562175827;1988.7354008814004;1.7859216373810094E-22
1899.2642562175827;1988.7354008814004;1.6073294736429084E-22
1899.2642562175827;1988.7354008814004;1.4465965262786175E-22
1899.2642562175827;1988.7354008814004;1.3019368736507558E-22
1899.2642562175827;1988.7354008814004;1.1717431862856804E-22
1899.2642562175827;1988.7354008814004;1.0545688676571124E-22
1899.2642562175827;1988.7354008814004;9.491119808914012E-23
1899.2642562175827;1988.7354008814004;8.542007828022611E-23
1899.2642562175827;1988.7354008814004;7.68780704522035E-23
1899.2642562175827;1988.7354008814004;6.919026340698314E-23
1899.2642562175827;1988.7354008814004;6.227123706628484E-23
1899.2642562175827;1988.7354008814004;5.604411335965635E-23
1899.2642562175827;1988.7354008814004;5.043970202369072E-23
1899.2642562175827;1988.7354008814004;4.539573182132165E-23
1899.2642562175827;1988.7354008814004;4.0856158639189484E-23
1899.2642562175827;1988.7354008814004;3.677054277527054E-23
1899.2642562175827;1988.7354008814004;3.309348849774349E-23
1899.2642562175827;1988.7354008814004;2.978413964796914E-23
1899.2642562175827;1988.7354008814004;2.680572568317223E-23
1899.2642562175827;1988.7354008814004;2.4125153114855007E-23
1899.2642562175827;1988.7354008814004;2.1712637803369507E-23
1899.2642562175827;1988.7354008814004;1.9541374023032557E-23
1899.2642562175827;1988.7354008814004;1.75872366207293E-23
1899.2642562175827;1988.7354008814004;1.5828512958656372E-23
1899.2642562175827;1988.7354008814004;1.4245661662790734E-23
1899.2642562175827;1988.7354008814004;1.2821095496511662E-23
1899.2642562175827;1988.7354008814004;1.1538985946860496E-23
1899.2642562175827;1988.7354008814004;1.0385087352174447E-23
1899.2642562175827;1988.7354008814004;9.346578616957003E-24
1899.2642562175827;1988.7354008814004;8.411920755261303E-24
1899.2642562175827;1988.7354008814004;7.570728679735173E-24
1899.2642562175827;1988.7354008814004;6.813655811761656E-24
1899.2642562175827;1988.7354008814004;6.13229023058549E-24
1899.2642562175827;1988.7354008814004;5.519061207526941E-24
1899.2642562175827;1988.7354008814004;4.967155086774247E-24
1899.2642562175827;1988.7354008814004;4.4704395780968224E-24
1899.2642562175827;1988.7354008814004;4.02339562028714E-24
1899.2642562175827;1988.7354008814004;3.6210560582584265E-24
1899.2642562175827;1988.7354008814004;3.2589504524325837E-24
1899.2642562175827;1988.7354008814004;2.9330554071893255E-24
1899.2642562175827;1988.7354008814004;2.639749866470393E-24
1899.2642562175827;1988.7354008814004;2.375774879823354E-24
1899.2642562175827;1988.7354008814004;2.1381973918410186E-24
1899.2642562175827;1988.7354008814004;1.924377652656917E-24
1899.2642562175827;1988.7354008814004;1.7319398873912252E-24
1899.2642562175827;1988.7354008814004;1.5587458986521028E-24
1899.2642562175827;1988.7354008814004;1.4028713087868926E-24
1899.2642562175827;1988.7354008814004;1.2625841779082033E-24
1899.2642562175827;1988.7354008814004;1.136325760117383E-24
1899.2642562175827;1988.7354008814004;1.0226931841056447E-24
1899.2642562175827;1988.7354008814004;9.204238656950802E-25
1899.2642562175827;1988.7354008814004;8.283814791255722E-25
1899.2642562175827;1988.7354008814004;7.45543331213015E-25
1899.2642562175827;1988.7354008814004;6.709889980917135E-25
1899.2642562175827;1988.7354008814004;6.038900982825422E-25
1899.2642562175827;1988.7354008814004;5.43501088454288E-25
1899.2642562175827;1988.7354008814004;4.891509796088592E-25
1899.2642562175827;1988.7354008814004;4.402358816479733E-25
1899.2642562175827;1988.7354008814004;3.96212293483176E-25
1899.2642562175827;1988.7354008814004;3.5659106413485843E-25
1899.2642562175827;1988.7354008814004;3.209319577213726E-25
1899.2642562175827;1988.7354008814004;2.8883876194923533E-25
1899.2642562175827;1988.7354008814004;2.5995488575431182E-25
1899.2642562175827;1988.7354008814004;2.3395939717888064E-25
1899.2642562175827;1988.7354008814004;2.1056345746099257E-25
1899.2642562175827;1988.7354008814004;1.895071117148933E-25
1899.2642562175827;1988.7354008814004;1.7055640054340398E-25
1899.2642562175827;1988.7354008814004;1.5350076048906358E-25
1899.2642562175827;1988.7354008814004;1.3815068444015723E-25
1899.2642562175827;1988.7354008814004;1.243356159961415E-25
1899.2642562175827;1988.7354008814004;1.1190205439652736E-25
1899.2642562175827;1988.7354008814004;1.0071184895687462E-25
1899.2642562175827;1988.7354008814004;9.064066406118716E-26
1899.2642562175827;1988.7354008814004;8.157659765506845E-26
1899.2642562175827;1988.7354008814004;7.341893788956161E-26
1899.2642562175827;1988.7354008814004;6.607704410060544E-26
1899.2642562175827;1988.7354008814004;5.94693396905449E-26
1899.2642562175827;1988.7354008814004;5.352240572149042E-26
1899.2642562175827;1988.7354008814004;4.8170165149341376E-26
1899.2642562175827;1988.7354008814004;4.3353148634407237E-26
1899.2642562175827;1988.7354008814004;3.901783377096651E-26
1899.2642562175827;1988.7354008814004;3.511605039386986E-26
1899.2642562175827;1988.7354008814004;3.1604445354482875E-26
1899.2642562175827;1988.7354008814004;2.8444000819034586E-26
1899.2642562175827;1988.7354008814004;2.5599600737131129E-26
1899.2642562175827;1988.7354008814004;2.3039640663418015E-26
1899.2642562175827;1988.7354008814004;2.0735676597076214E-26
1899.2642562175827;1988.7354008814004;1.8662108937368593E-26
1899.2642562175827;1988.7354008814004;1.6795898043631735E-26
1899.2642562175827;1988.7354008814004;1.5116308239268562E-26
1899.2642562175827;1988.7354008814004;1.3604677415341707E-26
1899.2642562175827;1988.7354008814004;1.2244209673807537E-26
1899.2642562175827;1988.7354008814004;1.1019788706426784E-26
1899.2642562175827;1988.7354008814004;9.917809835784105E-27
1899.2642562175827;1988.7354008814004;8.926028852205695E-27
1899.2642562175827;1988.7354008814004;8.033425966985126E-27
1899.2642562175827;1988.7354008814004;7.230083370286613E-27
1899.2642562175827;1988.7354008814004;6.507075033257952E-27
1899.2642562175827;1988.7354008814004;5.8563675299321565E-27
1899.2642562175827;1988.7354008814004;5.270730776938941E-27
1899.2642562175827;1988.7354008814004;4.743657699245047E-27
1899.2642562175827;1988.7354008814004;4.269291929320542E-27
1899.2642562175827;1988.7354008814004;3.842362736388488E-27
1899.2642562175827;1988.7354008814004;3.4581264627496396E-27
1899.2642562175827;1988.7354008814004;3.1123138164746757E-27
1899.2642562175827;1988.7354008814004;2.801082434827208E-27
1899.2642562175827;1988.7354008814004;2.5209741913444875E-27
1899.2642562175827;1988.7354008814004;2.2688767722100387E-27
1899.2642562175827;1988.7354008814004;2.041989094989035E-27
1899.2642562175827;1988.7354008814004;1.8377901854901314E-27
1899.2642562175827;1988.7354008814004;1.6540111669411183E-27
1899.2642562175827;1988.7354008814004;1.4886100502470065E-27
1899.2642562175827;1988.7354008814004;1.3397490452223059E-27
1899.2642562175827;1988.7354008814004;1.2057741407000753E-27
1899.2642562175827;1988.7354008814004;1.0851967266300677E-27
1899.2642562175827;1988.7354008814004;9.76677053967061E-28
1899.2642562175827;1988.7354008814004;8.790093485703549E-28
1899.2642562175827;1988.7354008814004;7.911084137133194E-28
1899.2642562175827;1988.7354008814004;7.119975723419875E-28
1899.2642562175827;1988.7354008814004;6.4079781510778875E-28
1899.2642562175827;1988.7354008814004;5.7671803359700985E-28
1899.2642562175827;1988.7354008814004;5.190462302373089E-28
1899.2642562175827;1988.7354008814004;4.67141607213578E-28
1899.2642562175827;1988.7354008814004;4.204274464922202E-28
1899.2642562175827;1988.7354008814004;3.7838470184299818E-28
1899.2642562175827;1988.7354008814004;3.4054623165869837E-28
1899.2642562175827;1988.7354008814004;3.0649160849282856E-28
1899.2642562175827;1988.7354008814004;2.758424476435457E-28
1899.2642562175827;1988.7354008814004;2.4825820287919113E-28
1899.2642562175827;1988.7354008814004;2.2343238259127203E-28
1899.2642562175827;1988.7354008814004;2.0108914433214484E-28
1899.2642562175827;1988.7354008814004;1.8098022989893036E-28
1899.2642562175827;1988.7354008814004;1.6288220690903732E-28
1899.2642562175827;1988.7354008814004;1.465939862181336E-28
1899.2642562175827;1988.7354008814004;1.3193458759632024E-28
1899.2642562175827;1988.7354008814004;1.1874112883668822E-28
1899.2642562175827;1988.7354008814004;1.068670159530194E-28
1899.2642562175827;1988.7354008814004;9.618031435771747E-29
1899.2642562175827;1988.7354008814004;8.656228292194573E-29
1899.2642562175827;1988.7354008814004;7.790605462975116E-29
1899.2642562175827;1988.7354008814004;7.011544916677604E-29
1899.2642562175827;1988.7354008814004;6.310390425009844E-29
1899.2642562175827;1988.7354008814004;5.67935138250886E-29
1899.2642562175827;1988.7354008814004;5.111416244257974E-29
1899.2642562175827;1988.7354008814004;4.600274619832177E-29
1899.2642562175827;1988.7354008814004;4.140247157848959E-29
1899.2642562175827;1988.7354008814004;3.7262224420640633E-29
1899.2642562175827;1988.7354008814004;3.353600197857657E-29
1899.2642562175827;1988.7354008814004;3.018240178071891E-29
1899.2642562175827;1988.7354008814004;2.716416160264702E-29
1899.2642562175827;1988.7354008814004;2.444774544238232E-29
1899.2642562175827;1988.7354008814004;2.2002970898144088E-29
1899.2642562175827;1988.7354008814004;1.980267380832968E-29
1899.2642562175827;1988.7354008814004;1.7822406427496712E-29
1899.2642562175827;1988.7354008814004;1.604016578474704E-29
1899.2642562175827;1988.7354008814004;1.4436149206272338E-29
1899.2642562175827;1988.7354008814004;1.2992534285645104E-29
1899.2642562175827;1988.7354008814004;1.1693280857080595E-29
1899.2642562175827;1988.7354008814004;1.0523952771372536E-29
1899.2642562175827;1988.7354008814004;9.471557494235283E-30
1899.2642562175827;1988.7354008814004;8.524401744811755E-30
1899.2642562175827;1988.7354008814004;7.671961570330579E-30
1899.2642562175827;1988.7354008814004;6.904765413297522E-30
1899.2642562175827;1988.7354008814004;6.21428887196777E-30
1899.2642562175827;1988.7354008814004;5.592859984770993E-30
1899.2642562175827;1988.7354008814004;5.033573986293894E-30
1899.2642562175827;1988.7354008814004;4.5302165876645046E-30
1899.2642562175827;1988.7354008814004;4.077194928898054E-30
1899.2642562175827;1988.7354008814004;3.6694754360082486E-30
1899.2642562175827;1988.7354008814004;3.302527892407424E-30
1899.2642562175827;1988.7354008814004;2.9722751031666815E-30
1899.2642562175827;1988.7354008814004;2.6750475928500133E-30
1899.2642562175827;1988.7354008814004;2.407542833565012E-30
1899.2642562175827;1988.7354008814004;2.166788550208511E-30
1899.2642562175827;1988.7354008814004;1.9501096951876597E-30
1899.2642562175827;1988.7354008814004;1.7550987256688937E-30
1899.2642562175827;1988.7354008814004;1.5795888531020043E-30
1899.2642562175827;1988.7354008814004;1.421629967791804E-30
1899.2642562175827;1988.7354008814004;1.2794669710126236E-30
1899.2642562175827;1988.7354008814004;1.1515202739113612E-30
1899.2642562175827;1988.7354008814004;1.0363682465202251E-30
1899.2642562175827;1988.7354008814004;9.327314218682026E-31
1899.2642562175827;1988.7354008814004;8.394582796813825E-31
1899.2642562175827;1988.7354008814004;7.555124517132442E-31
1899.2642562175827;1988.7354008814004;6.799612065419199E-31
1899.2642562175827;1988.7354008814004;6.119650858877279E-31
1899.2642562175827;1988.7354008814004;5.507685772989552E-31
1899.2642562175827;1988.7354008814004;4.956917195690597E-31
1899.2642562175827;1988.7354008814004;4.461225476121537E-31
1899.2642562175827;1988.7354008814004;4.015102928509383E-31
1899.2642562175827;1988.7354008814004;3.6135926356584453E-31
1899.2642562175827;1988.7354008814004;3.252233372092601E-31
1899.2642562175827;1988.7354008814004;2.927010034883341E-31
1899.2642562175827;1988.7354008814004;2.634309031395007E-31
1899.2642562175827;1988.7354008814004;2.3708781282555063E-31
1899.2642562175827;1988.7354008814004;2.133790315429956E-31
1899.2642562175827;1988.7354008814004;1.9204112838869604E-31
1899.2642562175827;1988.7354008814004;1.7283701554982645E-31
1899.2642562175827;1988.7354008814004;1.5555331399484381E-31
1899.2642562175827;1988.7354008814004;1.3999798259535943E-31
1899.2642562175827;1988.7354008814004;1.2599818433582348E-31
1899.2642562175827;1988.7354008814004;1.1339836590224113E-31
1899.2642562175827;1988.7354008814004;1.0205852931201703E-31
1899.2642562175827;1988.7354008814004;9.185267638081533E-32
1899.2642562175827;1988.7354008814004;8.266740874273379E-32
1899.2642562175827;1988.7354008814004;7.440066786846041E-32
1899.2642562175827;1988.7354008814004;6.696060108161437E-32
1899.2642562175827;1988.7354008814004;6.026454097345294E-32
1899.2642562175827;1988.7354008814004;5.423808687610764E-32
1899.2642562175827;1988.7354008814004;4.881427818849688E-32
1899.2642562175827;1988.7354008814004;4.3932850369647193E-32
1899.2642562175827;1988.7354008814004;3.953956533268247E-32
1899.2642562175827;1988.7354008814004;3.558560879941423E-32
1899.2642562175827;1988.7354008814004;3.2027047919472805E-32
1899.2642562175827;1988.7354008814004;2.8824343127525524E-32
1899.2642562175827;1988.7354008814004;2.594190881477297E-32
1899.2642562175827;1988.7354008814004;2.3347717933295674E-32
1899.2642562175827;1988.7354008814004;2.1012946139966106E-32
1899.2642562175827;1988.7354008814004;1.8911651525969497E-32
1899.2642562175827;1988.7354008814004;1.7020486373372548E-32
1899.2642562175827;1988.7354008814004;1.5318437736035294E-32
1899.2642562175827;1988.7354008814004;1.3786593962431764E-32
1899.2642562175827;1988.7354008814004;1.2407934566188588E-32
1899.2642562175827;1988.7354008814004;1.116714110956973E-32
1899.2642562175827;1988.7354008814004;1.0050426998612757E-32
1899.2642562175827;1988.7354008814004;9.04538429875148E-33
1899.2642562175827;1988.7354008814004;8.140845868876333E-33
1899.2642562175827;1988.7354008814004;7.3267612819887E-33
1899.2642562175827;1988.7354008814004;6.59408515378983E-33
1899.2642562175827;1988.7354008814004;5.934676638410848E-33
1899.2642562175827;1988.7354008814004;5.341208974569763E-33
1899.2642562175827;1988.7354008814004;4.807088077112787E-33
1899.2642562175827;1988.7354008814004;4.3263792694015084E-33
1899.2642562175827;1988.7354008814004;3.8937413424613575E-33
1899.2642562175827;1988.7354008814004;3.504367208215222E-33
1899.2642562175827;1988.7354008814004;3.1539304873937E-33
1899.2642562175827;1988.7354008814004;2.83853743865433E-33
1899.2642562175827;1988.7354008814004;2.554683694788897E-33
1899.2642562175827;1988.7354008814004;2.299215325310007E-33
1899.2642562175827;1988.7354008814004;2.0692937927790064E-33
1899.2642562175827;1988.7354008814004;1.862364413501106E-33
1899.2642562175827;1988.7354008814004;1.6761279721509955E-33
1899.2642562175827;1988.7354008814004;1.508515174935896E-33
1899.2642562175827;1988.7354008814004;1.3576636574423065E-33
1899.2642562175827;1988.7354008814004;1.2218972916980759E-33
1899.2642562175827;1988.7354008814004;1.0997075625282684E-33
1899.2642562175827;1988.7354008814004;9.897368062754416E-34
1899.2642562175827;1988.7354008814004;8.907631256478975E-34
1899.2642562175827;1988.7354008814004;8.016868130831078E-34
1899.2642562175827;1988.7354008814004;7.21518131774797E-34
1899.2642562175827;1988.7354008814004;6.493663185973173E-34
1899.2642562175827;1988.7354008814004;5.844296867375856E-34
1899.2642562175827;1988.7354008814004;5.2598671806382705E-34
1899.2642562175827;1988.7354008814004;4.7338804625744435E-34
1899.2642562175827;1988.7354008814004;4.260492416316999E-34
1899.2642562175827;1988.7354008814004;3.834443174685299E-34
1899.2642562175827;1988.7354008814004;3.4509988572167693E-34
1899.2642562175827;1988.7354008814004;3.1058989714950925E-34
1899.2642562175827;1988.7354008814004;2.7953090743455833E-34
1899.2642562175827;1988.7354008814004;2.515778166911025E-34
1899.2642562175827;1988.7354008814004;2.2642003502199226E-34
1899.2642562175827;1988.7354008814004;2.0377803151979304E-34
1899.2642562175827;1988.7354008814004;1.8340022836781373E-34
1899.2642562175827;1988.7354008814004;1.6506020553103236E-34
1899.2642562175827;1988.7354008814004;1.4855418497792913E-34
1899.2642562175827;1988.7354008814004;1.3369876648013622E-34
1899.2642562175827;1988.7354008814004;1.203288898321226E-34
1899.2642562175827;1988.7354008814004;1.0829600084891036E-34
1899.2642562175827;1988.7354008814004;9.746640076401933E-35
1899.2642562175827;1988.7354008814004;8.77197606876174E-35
1899.2642562175827;1988.7354008814004;7.894778461885566E-35
1899.2642562175827;1988.7354008814004;7.105300615697009E-35
1899.2642562175827;1988.7354008814004;6.394770554127308E-35
1899.2642562175827;1988.7354008814004;5.755293498714578E-35
1899.2642562175827;1988.7354008814004;5.17976414884312E-35
1899.2642562175827;1988.7354008814004;4.6617877339588083E-35
1899.2642562175827;1988.7354008814004;4.1956089605629277E-35
1899.2642562175827;1988.7354008814004;3.7760480645066353E-35
1899.2642562175827;1988.7354008814004;3.398443258055972E-35
1899.2642562175827;1988.7354008814004;3.058598932250375E-35
1899.2642562175827;1988.7354008814004;2.752739039025337E-35
1899.2642562175827;1988.7354008814004;2.4774651351228035E-35
1899.2642562175827;1988.7354008814004;2.2297186216105232E-35
1899.2642562175827;1988.7354008814004;2.0067467594494708E-35
1899.2642562175827;1988.7354008814004;1.806072083504524E-35
1899.2642562175827;1988.7354008814004;1.6254648751540715E-35
1899.2642562175827;1988.7354008814004;1.4629183876386644E-35
1899.2642562175827;1988.7354008814004;1.316626548874798E-35
1899.2642562175827;1988.7354008814004;1.1849638939873183E-35
1899.2642562175827;1988.7354008814004;1.0664675045885864E-35
1899.2642562175827;1988.7354008814004;9.598207541297277E-36
1899.2642562175827;1988.7354008814004;8.63838678716755E-36
1899.2642562175827;1988.7354008814004;7.774548108450795E-36
1899.2642562175827;1988.7354008814004;6.997093297605715E-36
1899.2642562175827;1988.7354008814004;6.297383967845144E-36
1899.2642562175827;1988.7354008814004;5.6676455710606304E-36
1899.2642562175827;1988.7354008814004;5.1008810139545676E-36
1899.2642562175827;1988.7354008814004;4.590792912559111E-36
1899.2642562175827;1988.7354008814004;4.1317136213032E-36
1899.2642562175827;1988.7354008814004;3.7185422591728796E-36
1899.2642562175827;1988.7354008814004;3.346688033255592E-36
1899.2642562175827;1988.7354008814004;3.012019229930033E-36
1899.2642562175827;1988.7354008814004;2.7108173069370295E-36
1899.2642562175827;1988.7354008814004;2.4397355762433265E-36
1899.2642562175827;1988.7354008814004;2.1957620186189938E-36
1899.2642562175827;1988.7354008814004;1.9761858167570943E-36
1899.2642562175827;1988.7354008814004;1.778567235081385E-36
1899.2642562175827;1988.7354008814004;1.6007105115732465E-36
1899.2642562175827;1988.7354008814004;1.4406394604159218E-36
1899.2642562175827;1988.7354008814004;1.2965755143743297E-36
1899.2642562175827;1988.7354008814004;1.1669179629368967E-36
1899.2642562175827;1988.7354008814004;1.0502261666432071E-36
1899.2642562175827;1988.7354008814004;9.452035499788865E-37
1899.2642562175827;1988.7354008814004;8.506831949809978E-37
1899.2642562175827;1988.7354008814004;7.65614875482898E-37
1899.2642562175827;1988.7354008814004;6.890533879346083E-37
1899.2642562175827;1988.7354008814004;6.201480491411475E-37
1899.2642562175827;1988.7354008814004;5.581332442270327E-37
1899.2642562175827;1988.7354008814004;5.023199198043294E-37
1899.2642562175827;1988.7354008814004;4.520879278238965E-37
1899.2642562175827;1988.7354008814004;4.068791350415069E-37
1899.2642562175827;1988.7354008814004;3.661912215373562E-37
1899.2642562175827;1988.7354008814004;3.295720993836206E-37
1899.2642562175827;1988.7354008814004;2.9661488944525853E-37
1899.2642562175827;1988.7354008814004;2.669534005007327E-37
1899.2642562175827;1988.7354008814004;2.4025806045065944E-37
1899.2642562175827;1988.7354008814004;2.162322544055935E-37
1899.2642562175827;1988.7354008814004;1.9460902896503416E-37
1899.2642562175827;1988.7354008814004;1.7514812606853074E-37
1899.2642562175827;1988.7354008814004;1.5763331346167766E-37
1899.2642562175827;1988.7354008814004;1.4186998211550989E-37
1899.2642562175827;1988.7354008814004;1.276829839039589E-37
1899.2642562175827;1988.7354008814004;1.14914685513563E-37
1899.2642562175827;1988.7354008814004;1.034232169622067E-37
1899.2642562175827;1988.7354008814004;9.308089526598604E-38
1899.2642562175827;1988.7354008814004;8.377280573938743E-38
1899.2642562175827;1988.7354008814004;7.539552516544869E-38
1899.2642562175827;1988.7354008814004;6.785597264890383E-38
1899.2642562175827;1988.7354008814004;6.107037538401344E-38
1899.2642562175827;1988.7354008814004;5.49633378456121E-38
1899.2642562175827;1988.7354008814004;4.946700406105088E-38
1899.2642562175827;1988.7354008814004;4.4520303654945797E-38
1899.2642562175827;1988.7354008814004;4.006827328945122E-38
1899.2642562175827;1988.7354008814004;3.60614459605061E-38
1899.2642562175827;1988.7354008814004;3.2455301364455487E-38
1899.2642562175827;1988.7354008814004;2.920977122800994E-38
1899.2642562175827;1988.7354008814004;2.6288794105208947E-38
1899.2642562175827;1988.7354008814004;2.3659914694688053E-38
1899.2642562175827;1988.7354008814004;2.1293923225219248E-38
1899.2642562175827;1988.7354008814004;1.9164530902697323E-38
1899.2642562175827;1988.7354008814004;1.7248077812427592E-38
1899.2642562175827;1988.7354008814004;1.5523270031184833E-38
1899.2642562175827;1988.7354008814004;1.397094302806635E-38
1899.2642562175827;1988.7354008814004;1.2573848725259716E-38
1899.2642562175827;1988.7354008814004;1.1316463852733744E-38
1899.2642562175827;1988.7354008814004;1.018481746746037E-38
1899.2642562175827;1988.7354008814004;9.166335720714334E-39
1899.2642562175827;1988.7354008814004;8.249702148642901E-39
1899.2642562175827;1988.7354008814004;7.424731933778611E-39
1899.2642562175827;1988.7354008814004;6.682258740400751E-39
1899.2642562175827;1988.7354008814004;6.014032866360676E-39
1899.2642562175827;1988.7354008814004;5.412629579724609E-39
1899.2642562175827;1988.7354008814004;4.871366621752148E-39
1899.2642562175827;1988.7354008814004;4.3842299595769337E-39
1899.2642562175827;1988.7354008814004;3.94580696361924E-39
1899.2642562175827;1988.7354008814004;3.551226267257316E-39
1899.2642562175827;1988.7354008814004;3.1961036405315845E-39
1899.2642562175827;1988.7354008814004;2.8764932764784262E-39
1899.2642562175827;1988.7354008814004;2.5888439488305835E-39
1899.2642562175827;1988.7354008814004;2.329959553947525E-39
1899.2642562175827;1988.7354008814004;2.0969635985527727E-39
1899.2642562175827;1988.7354008814004;1.8872672386974955E-39
1899.2642562175827;1988.7354008814004;1.698540514827746E-39
1899.2642562175827;1988.7354008814004;1.5286864633449716E-39
1899.2642562175827;1988.7354008814004;1.3758178170104744E-39
1899.2642562175827;1988.7354008814004;1.238236035309427E-39
1899.2642562175827;1988.7354008814004;1.1144124317784843E-39
1899.2642562175827;1988.7354008814004;1.002971188600636E-39
1899.2642562175827;1988.7354008814004;9.026740697405723E-40
1899.2642562175827;1988.7354008814004;8.124066627665152E-40
1899.2642562175827;1988.7354008814004;7.311659964898637E-40
1899.2642562175827;1988.7354008814004;6.580493968408773E-40
1899.2642562175827;1988.7354008814004;5.922444571567896E-40
1899.2642562175827;1988.7354008814004;5.3302001144111064E-40
1899.2642562175827;1988.7354008814004;4.7971801029699956E-40
1899.2642562175827;1988.7354008814004;4.317462092672996E-40
1899.2642562175827;1988.7354008814004;3.885715883405696E-40
1899.2642562175827;1988.7354008814004;3.4971442950651266E-40
1899.2642562175827;1988.7354008814004;3.147429865558614E-40
1899.2642562175827;1988.7354008814004;2.8326868790027526E-40
1899.2642562175827;1988.7354008814004;2.5494181911024772E-40
1899.2642562175827;1988.7354008814004;2.2944763719922296E-40
1899.2642562175827;1988.7354008814004;2.065028734793007E-40
1899.2642562175827;1988.7354008814004;1.858525861313706E-40
1899.2642562175827;1988.7354008814004;1.6726732751823355E-40
1899.2642562175827;1988.7354008814004;1.5054059476641019E-40
1899.2642562175827;1988.7354008814004;1.3548653528976918E-40
1899.2642562175827;1988.7354008814004;1.2193788176079227E-40
1899.2642562175827;1988.7354008814004;1.0974409358471304E-40
1899.2642562175827;1988.7354008814004;9.876968422624173E-41
1899.2642562175827;1988.7354008814004;8.889271580361756E-41
1899.2642562175827;1988.7354008814004;8.00034442232558E-41
1899.2642562175827;1988.7354008814004;7.200309980093023E-41
1899.2642562175827;1988.7354008814004;6.48027898208372E-41
1899.2642562175827;1988.7354008814004;5.832251083875349E-41
1899.2642562175827;1988.7354008814004;5.249025975487814E-41
1899.2642562175827;1988.7354008814004;4.724123377939032E-41
1899.2642562175827;1988.7354008814004;4.251711040145129E-41
1899.2642562175827;1988.7354008814004;3.826539936130616E-41
1899.2642562175827;1988.7354008814004;3.4438859425175545E-41
1899.2642562175827;1988.7354008814004;3.0994973482657993E-41
1899.2642562175827;1988.7354008814004;2.7895476134392194E-41
1899.2642562175827;1988.7354008814004;2.5105928520952973E-41
1899.2642562175827;1988.7354008814004;2.2595335668857676E-41
1899.2642562175827;1988.7354008814004;2.033580210197191E-41
1899.2642562175827;1988.7354008814004;1.8302221891774718E-41
1899.2642562175827;1988.7354008814004;1.6471999702597246E-41
1899.2642562175827;1988.7354008814004;1.4824799732337521E-41
1899.2642562175827;1988.7354008814004;1.334231975910377E-41
1899.2642562175827;1988.7354008814004;1.2008087783193393E-41
1899.2642562175827;1988.7354008814004;1.0807279004874055E-41
1899.2642562175827;1988.7354008814004;9.726551104386649E-42
1899.2642562175827;1988.7354008814004;8.753895993947985E-42
1899.2642562175827;1988.7354008814004;7.878506394553187E-42
1899.2642562175827;1988.7354008814004;7.090655755097868E-42
1899.2642562175827;1988.7354008814004;6.381590179588081E-42
1899.2642562175827;1988.7354008814004;5.743431161629273E-42
1899.2642562175827;1988.7354008814004;5.1690880454663456E-42
1899.2642562175827;1988.7354008814004;4.6521792409197115E-42
1899.2642562175827;1988.7354008814004;4.1869613168277405E-42
1899.2642562175827;1988.7354008814004;3.7682651851449663E-42
1899.2642562175827;1988.7354008814004;3.39143866663047E-42
1899.2642562175827;1988.7354008814004;3.052294799967423E-42
1899.2642562175827;1988.7354008814004;2.7470653199706808E-42
1899.2642562175827;1988.7354008814004;2.472358787973613E-42
1899.2642562175827;1988.7354008814004;2.2251229091762515E-42
1899.2642562175827;1988.7354008814004;2.0026106182586265E-42
1899.2642562175827;1988.7354008814004;1.8023495564327638E-42
1899.2642562175827;1988.7354008814004;1.6221146007894874E-42
1899.2642562175827;1988.7354008814004;1.4599031407105387E-42
1899.2642562175827;1988.7354008814004;1.3139128266394848E-42
1899.2642562175827;1988.7354008814004;1.1825215439755363E-42
1899.2642562175827;1988.7354008814004;1.0642693895779828E-42
1899.2642562175827;1988.7354008814004;9.578424506201845E-43
1899.2642562175827;1988.7354008814004;8.62058205558166E-43
1899.2642562175827;1988.7354008814004;7.758523850023495E-43
1899.2642562175827;1988.7354008814004;6.982671465021146E-43
1899.2642562175827;1988.7354008814004;6.284404318519031E-43
1899.2642562175827;1988.7354008814004;5.655963886667128E-43
1899.2642562175827;1988.7354008814004;5.090367498000416E-43
1899.2642562175827;1988.7354008814004;4.581330748200374E-43
1899.2642562175827;1988.7354008814004;4.123197673380337E-43
1899.2642562175827;1988.7354008814004;3.7108779060423034E-43
1899.2642562175827;1988.7354008814004;3.3397901154380733E-43
1899.2642562175827;1988.7354008814004;3.005811103894266E-43
1899.2642562175827;1988.7354008814004;2.7052299935048396E-43
1899.2642562175827;1988.7354008814004;2.4347069941543556E-43
1899.2642562175827;1988.7354008814004;2.19123629473892E-43
1899.2642562175827;1988.7354008814004;1.972112665265028E-43
1899.2642562175827;1988.7354008814004;1.7749013987385252E-43
1899.2642562175827;1988.7354008814004;1.5974112588646728E-43
1899.2642562175827;1988.7354008814004;1.4376701329782055E-43
1899.2642562175827;1988.7354008814004;1.293903119680385E-43
1899.2642562175827;1988.7354008814004;1.1645128077123465E-43
1899.2642562175827;1988.7354008814004;1.0480615269411118E-43
1899.2642562175827;1988.7354008814004;9.432553742470007E-44
1899.2642562175827;1988.7354008814004;8.489298368223006E-44
1899.2642562175827;1988.7354008814004;7.640368531400706E-44
1899.2642562175827;1988.7354008814004;6.876331678260636E-44
1899.2642562175827;1988.7354008814004;6.188698510434572E-44
1899.2642562175827;1988.7354008814004;5.569828659391115E-44
1899.2642562175827;1988.7354008814004;5.012845793452003E-44
1899.2642562175827;1988.7354008814004;4.511561214106803E-44
1899.2642562175827;1988.7354008814004;4.060405092696123E-44
1899.2642562175827;1988.7354008814004;3.6543645834265107E-44
1899.2642562175827;1988.7354008814004;3.28892812508386E-44
1899.2642562175827;1988.7354008814004;2.960035312575474E-44
1899.2642562175827;1988.7354008814004;2.6640317813179267E-44
1899.2642562175827;1988.7354008814004;2.397628603186134E-44
1899.2642562175827;1988.7354008814004;2.1578657428675206E-44
1899.2642562175827;1988.7354008814004;1.9420791685807685E-44
1899.2642562175827;1988.7354008814004;1.7478712517226918E-44
